text,type
Die Unterstützung und das Engagement unserer Account-Managerin von unternehmen war vorbildlich.,Gewissenhaft
"schnell, unkompliziert, kompetent und freundlich",Initiativ
"Sehr gute kompetente Beratung und schnelle, bedarfsorientierte Abwicklung",Dominant
"Super Portal, Super Kontakt jederzeit wieder!",Initiativ
"Hervorragend – nur positive Erfahrungen, das Unternehmen ist weiterzuempfehlen.",Initiativ
"Die Zusammenarbeit, die schnelle unkomplizierte Kommunikation und die mustergültige Abwicklung sind 5* wert. 
Vielen Dank für die Unterstützung und bis zum nächsten Projekt.",Initiativ
"unternehmen hat mir wirklich sehr schnell und unbürokratisch weitergeholfen. Vor allem die Erreichbarkeit des Betreuers und die Flexibilität ist stark
Vieeelen herzlichen Dank hervorzuheben. ",Initiativ
"Schnelle und professionelle Hilfe, taggenuae Bearbeitung. Bei nicht einfachen Bedingungen für den Finanzierer werden über den Tellerrand schauende Geldgeber vermittelt.",Gewissenhaft
Unkompliziert und schnell,Dominant
"ich habe mich gut beraten und aufgehoben gefühlt.
Herr nachname hat auch während der Finanzierungsgestaltung mit der Bank, oft sich selbständig nach dem Stand der Dinge erkundigt und stand grundsätzlich in allen Belangen beratend zur Seite.",Stetig
Besten Dank für die gute Abwicklung! Auch beim nächsten Mal werden wir Ihren Service gerne wieder nutzen.,Stetig
"Sehr fachliche Beratung und schnelle, freundliche Bearbeitung",Initiativ
"Ich hätte es nicht geglaubt! Aber 2 Std nach Veröffentlichung der Ausschreibung lag das erste - sehr gute Angebot einer Bank vor.
Innerhalb von einer Woche - und das trotz der Osterfeiertagen - war das Darlehen auf meinem Konto.
Schnelle, unbürokratische Abwicklung
Professionelle Begleitung
Absolut empfehlenswert!",Initiativ
"Guter Kontakt, gute Beratung. Auch wenn wir diesesmal am Ende nicht zusammengekommen sind, kommen wir trotzdem gerne wieder auf Ihren Service zurück.",Stetig
"Als Selbständige ist es nicht so einfach ein Darlehen zu bekommen. Die Finanzexpertin Frau nachname führte zuerst mit mir ein Gespräch, um sich ein Bild meiner Lage zu machen. Nachdem ich dann alle Unterlagen zusammengestellt hatte und zu meiner Finanzexpertin mailte, machte sie sich gleich an die Arbeit und hatte ein positives Ergebnis binnen 24 Stunden. Damit hatte ich nicht gerechnet und bin noch total überrascht und freue mich sehr, über das Ergebnis.
Ich kann nur jedem raten, an seine Träume zu glauben und die richtigen Experten dafür zu finden und die sind bei unternehmen... Herzlichen Dank und bin gespannt, was noch kommt!",Stetig
"Wir haben kurzfristig eine Liquiditätsspritze benötigt innerhalb von rund 2 Wochen hatten wir das Geld auf unserem Konto.

Herr nachname hat uns sehr gut beraten und begleitet.

Wir können Herrn Nitsche sowie unternehmen zu 100 % weiterempfehlen.",Stetig
"Schnelle Abläufe, kompetent",Dominant
"Klasse Abwicklung, unkompliziert und schnell! Die Bankberaterin von unternehmen war super, ich war immer auf dem laufenden und somit konnten Fragen sofort beantwortet und geklärt werden! Ich werde Finanzen zukünftig nur noch über unternehmen abwickeln!",Initiativ
"Schnell, professionell und direkt. Man muß nicht lange warten dann rufen Sie einen zurück. Die Firma unternehmen geht auf einen ein. Vielen Dank an Herr D.....",Initiativ
"unternehmen ist nicht bloß eine kalte FinTech-Plattform, die Daten von links nach rechts verschiebt. unternehmen ist ein Team von echten Profis, die Dinge ermöglichen.",Initiativ
"Es war uns eine Freude , mitzuerleben , dass es in dieser Branche noch Menschen gibt neben Computerzahlen und Annonymität. Vielen Dank ! S. DILLING",Initiativ
"Schnell, kompetent, günstiger Zinssatz, uneingeschränkt empfehlenswert",Dominant
"Persönliche Betreuung, sehr nette Kollegen, schnelle Abwicklung.",Initiativ
"Persoenliche, freundliche und kompetente Betreuung. Sehr professionell und gut organisierte, schnell erfolgreiche Durchfuehrung unserer Ausschreibung. TOP Abwicklung Note 1+",Initiativ
"Herr nachname ist der Mann für das Unmögliche.

Vielen vielen Dank",Initiativ
"Der Berater kam mit einem Produkt auf uns zu, welches zu unseren Geschäftsinhalten gepasst hat und entsprechend auch zum Tragen kam. Kurze und prägnante Absprachen haben den Prozess sehr effizient gemacht und haben zum Erfolg geführt.",Gewissenhaft
"super, hat alles schnell und reibungslos geklappt.
gute Beratung",Initiativ
"Herr vorname nachname hat mich von Beginn der Kontaktaufnahme bis zur Auszahlung der Kreditsumme perfekt beraten und war immer erreichbar.
Sehr empfehlenswert!!",Initiativ
"Antragsprozess lief reibungslos ab, sehr nette und vorbildliche Kommunikation und Unterstützung bei Fragen.
Herr nachname hat uns sehr gut und kompetent betreut.
Reibungslose und seriöse Angebote und schnelle Kreditauszahlung. Selbst nach der Auszahlung steht uns Herr Hoffhaus weiterhin gerne zur Verfügung.
Insgesamt sehr positive Erfahrung, man kann es bedenkenlos weiterempfehlen.",Stetig
"Freundliche und kompetente Mitarbeiter, die Vermittlung hat nur wenige Tage gedauert. Top!",Initiativ
Mein unternehmen Kundenbetreuer hat sich sehr gut mit unserem Geschäftsmodell beschäftigt Und dabei die richtigen Fragen gestellt um unser Unternehmen lukrativ gegenüber Kreditgebern darzustellen sowie mit Zahlen und Fakten zu untermauern. Entsprechend haben wir schnell den idealen Finanzpartner für unser Wachstum gefunden. Vielen lieben Dank für die Unterstützung!,Gewissenhaft
Professionelle und schnelle Abwicklung. Wir konnten einen neuen Bankpartner gefunden und in sehr kurzer Zeit zu unterschriftsreifen Verträgen kommen. Gerne wieder.,Gewissenhaft
"Das war ein tolles Ergebniss.Für den guten Service kann man sich nur Bedanken !
Mit einem Unternehmen wie diesem an der seite macht es wieder Spaß Unternehmer zu sein !! Ich kann nur sagen weiter so !!",Initiativ
"Super Beratung. 
Toller Service und sehr schnell. 
Kann ich nur jedem empfehlen.",Initiativ
"Top Beratung und erfolgreicher Abschluss! Vielen Dank, ich kann Sie jedem jederzeit empfehlen.",Initiativ
"Super Service!

Wir sind mit der Beratung von Herrn nachname sehr zufrieden. Die Gespräche waren stets von Offenheit und Vertrauen geprägt. Jederzeit gerne wieder.",Initiativ
Top-Service. Sehr lösungsorientiert und schnell. Rückfragen an die Finanzierungsgeber wurden schnell und kompetent bearbeitet und im Kundensinne vermittelt. Finanzierungen erfolgten erfolgreich und schnell. Sehr moderne und fast papierlose Abwicklung. Jederzeit gerne wieder.,Gewissenhaft
"die Betreuung durch Herrn nachname war professionell , kompetent und
erfolgreich. Die Begleitung bei der Antragstellung war sehr hilfreich.
in wenigen Tagen war das gewünschte Ergebnis realisiert.",Gewissenhaft
"Kompetent, Lösungsorientiert, Schnell - Gespräche auf Augenhöhe und immer auf dem Laufenden gehalten. Besser geht es nicht.",Initiativ
"Unklompiziert
Schnell",Dominant
"Ich kann leider nur 5 Sterne geben. Herr nachname von unternehmen hat mich trotz erschwerter Bedingungen immer sehr kompetent betreut und letztendlich mir meinen Wunsch näher gebracht. TOP!
",Initiativ
"Vielen Dank für die tolle Unterstützung von unternehmen! Ich bin sehr zufrieden mit der Arbeit und vor allem hatte ich immer das Gefühl, dass man sich echt Zeit nimmt und sich um den Kunden richtig gut kümmert und das mit einem festen Ansprechpartner, der auch immer zu erreich war, oder sich umgehend gemeldet hat. Ich würde jederzeit wieder mit unternehmen arbeiten.
Viele Grüße
Lutz Schumann
Druckerei Schumann",Initiativ
"Nachdem ich zunächst durch einen Mitarbeiter einen ablehnenden Bescheid bekommen habe hat sich ein paar Tage später ein anderer Mitarbeiter bei mir gemeldet und mir mitgeteilt, dass es wohl doch noch eine Möglichkeit gibt für meinen Antrag auf eine Finanzierung.
Es hat nicht lange gedauert und ich bekam ein gutes Angebot welches ich dann auch angenommen habe. Ich kann das Unternehmen unternehmen nur bestens empfehlen was die sehr gute Kompetenz, die Freundlichkeit, die Erreichbarkeit und die schnelle Bearbeitung angeht, absolut weiter empfehlen!
Wenn ich mich da an einem anderen Vermittler erinnere, wo 6.000,00 € zzgl. MwSt. Vermittlungsgebühr von dem beantragten Darlehen fällig werden und sofort bei der Auszahlung abgezogen werden, und das bei einem Zinnssatz von 14,49 %, dann bin ich froh, das es bei unternehmen so reibungslos und Kostengünstig abgewickelt wurde!",Gewissenhaft
"Kurze Bearbeitungszeit und gute Angebote.
Verbindliche Zusagen.",Dominant
Nach einer kleinen Anlaufschwierigkeit (es mussten einige Unterlagen mehr als angenommen zusammengetragen werde) hat die Abwicklung und vor allem die Begleitung durch unternehmen hervorragend auch zwischen den Feiertagen geklappt. Gerne wieder. Danke.,Stetig
Alles bestens,Dominant
Kompetent und hilfsbereit!,Initiativ
"Es war für uns eine der besten Erfahrungen zusammen mit unternehmen eine Finanzierung für unseren Fuhrpark zu finden...
Wir möchten uns an dieser Stelle nochmals bedanken und wir werden sicherlich auf unternehmen zurück kommen. 
Vielen Dank",Initiativ
"Wir sind ein typisches KMU, also ein klein- und mittelständisches Unternehmen, und haben uns an unternehmen gewandt, da wir kurzfristig eine Zwischenfinanzierung benötigten. Bereits nach dem ersten Gespräch mit unserer Hausbank hatte sich nämlich herausgestellt, dass das Vorgehen und die Entscheidungswege nicht mit unseren Anforderungen und Bedürfnissen zu vereinbaren waren. Ganz anders bei unternehmen: Die Mitarbeiter von unternehmen, sowohl im Vertrieb als auch in der Beratung, sind nicht nur engagiert sondern auch äußerst kundenorientiert. Unser Berater hat seine Aktivitäten ganz auf unseren Bedarf ausgerichtet und zielgerichtet in kürzester Zeit passende Finanzierungspartner gefunden. Der gesamte Prozess war digitalisiert und die Abwicklung sehr problemlos. Vor allem hat uns die Geschwindigkeit mehr als positiv überrascht. Während des gesamten Verfahrens wurden wir von unserem Berater begleitet, jede terminliche Zusage wurde eingehalten. unternehmen hat es u.E. tatsächlich geschafft, die oft analogen und zeitaufwendigen Prozesse bei der Unternehmensfinanzierung von klassischen Banken zu digitalisieren. Da unternehmen dabei extrem serviceorientiert agiert, ist für uns auch das Preis-/Leistungsverhältnis absolut in Ordnung. Wir werden unternehmen auch zukünftig bei Finanzierungsfragen berücksichtigen.",Gewissenhaft
"Der Kontakt gefiel mir sehr gut.
Die Bearbeitung war Professionell, die Abwicklung war für mich absolut problemlos. 

Ich habe mich kompetent beraten gefühlt und bei einem zukünftigen bedarf an einer Finanzierung werde ich mich gerne wieder an dieses Portal wenden.",Stetig
"Wir können nur bestätigen, dass die Zusammenarbeit mit der Plattform unternehmen kompetent und zielführend verlaufen ist. Der Berater der unternehmen, Herr vorname nachname hat uns fachgerecht begleitet. Wir haben die gewünschte Finanzierung erhalten und sind mit der GRENKE BANK ist Geschäftsverbindung getreten.
Dabei hat der Prozess zwischen Antragsstellung auf der unternehmen Plattform bis zum Angebot gerade mal 9 Tage gedauert. Schneller geht es sicherlich nicht. Die Plattform unternehmen ist eine hervorragende Alternative zur schnellen Mittelstandsfinanzierung.
Brunhilde Lademann
Geschäftsführung der CUTETECH GmbH",Gewissenhaft
"Guter Support, unkomplizierte Abwicklung. Etwas höherer Zinssatz als bei klassischer Hausbank, dafür schnell und ohne Unmengen von Unterlagen einzureichen. Empfehlenswert.",Dominant
"Hervorrangende, freundliche und sehr kompetente Beratung. Zudem eine sehr gut Betreuung im gesamten Verfahren und stets ein Ansprechpartner an meiner Seite. Kann ich nur weiterempfehlen.",Initiativ
"Also jetzt mal ehrlich, wir kennen alle die old-school Bankenwelt wo alles relativ langsam abläuft. Aber so etwas habe ich noch nie erlebt. In nicht mal 2 Wochen war der Kredit genehmigt - kaum zu glauben. Danke nochmal an den TOP Berater!",Initiativ
"Sehr kompetente, schnelle und zuverlässige Beratung bzw. Unterstützung bei allen Fragen. Gerne wieder.",Stetig
"super Service, schnelle Bearbeitung",Initiativ
"Schnell, unkompilziert, ehrlich.",Initiativ
"unternehmen war mir bei der Suche nach einem alternativen Finanzierer sehr hilfreich. Sehr gefallen hat mir, dass von vorn herein klar ist, dass die Finanzierung nicht eben ein Mausklick entfernt ist. Die Ausschreibung war dennoch recht schnell und konnte, auf meinen Wunsch hin, auch, früher als der regulären Zeitraum, beendet werden.
Ebenfalls gut, dass vom Mitarbeiter direkt angerufen wurde, weil für einen der Ausschreibungsteilnehmern noch Informationen erforderlich waren. Erstaunlich in meinem Fall war, das ich genau von dem Finanzierer das günstigste Angebot erhalten habe, mit dem ich auch über meine Hausbank finanziert hätte, nur zu besseren Konditionen.",Gewissenhaft
alles super gelaufen.,Initiativ
"kompetent, schnell, sehr gute und seriöse Angebote",Dominant
"Top Beratung, zügige Bearbeitung sowie Kreditauszahlung, unkompliziert!!",Dominant
Professionelle Beratung und kundenorientierte Suche nach potenziellen Investoren oder Banken. Kontinuierliche Begleitung bis zum Abschluss.,Gewissenhaft
alles bestens,Dominant
"unternehmen, ist Kompetent, schnell und verbindlich.",Dominant
"Sehr persönliche, schnelle und auf unser Geschäft abgestimmte Beratung.",Initiativ
"Einfache, sichere und schnelle Abwicklung! Alles TOP!",Initiativ
"Vielen Dank für die schnelle und unkomplizeirte Bearbeitung der Finanzierungsanfrage. Mein Kunde war begeistert.
vorname Stolterfoht
Vermögensberater",Initiativ
Meine Finanzierungsanfrage wurde schnell und engagiert bearbeitet. Die unternehmen GmbH kann man durchaus weiterempfehlen.,Gewissenhaft
"Stets freundliche, kompetente und zielgerichtete Beratung und Betreuung seitens des Kundenberaters",Gewissenhaft
"Faire Beratung und gute Betreuung.
Interessante Alternativen, die Wettbewerb aufzeigen",Dominant
Schnell und unkompliziert!,Dominant
"kompetente und schnelle Abwicklung der Anfrage.
top ausgebildete Mitarbeiter. schnelle Entscheidungen.
Kommunikation mit dem Berater ging sehr schnell und reibungslos.",Dominant
Gerne wieder. Sehr schnelle Bearbeitung,Dominant
"Ich kann unternehmen nur empfehlen. 
Schnell, kompetent und nett

Prof. Heinz Schelwat",Initiativ
"Es war ein sehr freundlicher Ansprechpartner
und die Bearbeitung war auch sehr zügig.",Stetig
unternehmen arbeitet auf hohem Niveau und ist ein absolut verlässlicher und kompetenter Partner in Sachen Finanzierung von Unternehmen und Geschäftsvorhaben. Die direkte Zuordnung eines Mitarbeiters bedeutet optimale Betreuung. Ebenfalls ist die Arbeitsweise transparent und verständlich. Ergebnis: eine absolute Top-Note für unternehmen!,Initiativ
"Absolute kurze Reaktionszeit, kompetente Unterstützung, schnelle Entscheidung.",Dominant
"Die Kundenberaterin Frau Laux ist kompetent und schnell, es werden klare und sichere Abläufe vorab besprochen.
unternehmen kann ich jedem Unternehmen ans Herz legen.",Initiativ
"EINFACHE VERBINDUNG KOMPETENTE BERATUNG UND SCHNELLE ABWICKLUNG.
EMPFEHLUNG",Dominant
Guter Service!,Dominant
Sehr schnelle Antwort und kompetente Beratung. Ich bin mit dem Service sehr zufrieden.,Initiativ
"Schnelle kompetente Beratung mit Erfolg!

Mein Ansprechpartner war Hr. vorname nachname, er war schnell und zuverlässig. Zusagen wurden eingehalten. Kommunikation war einwandfrei.
Hr. Prinz konnte die Kennzahlen richtig erkennen.

Nach einer Woche war das gewünschte Darlehen ausgezahlt.
Somit hat es sein Zweck absolut erfüllt.",Dominant
reibungsloser Ablauf,Dominant
Das Gesamtpaket war Spitze und ist sehr zu empfehlen.,Initiativ
"unternehmen ist schnell, kompetent und liefert sehr gute und leicht verwertbare Ergebnisse.",Dominant
"Ich bin sehr zufrieden mit Ihrer Dienstleistung , Herr nachname ist ein absolut kompetenter und zuverlässiger Mitarbeiter .
",Initiativ
Nur beste Erfahrungen!,Initiativ
"Schneller, nette und kompetenter Kontakt. Einfache Abwicklung.",Dominant
"Sehr schnelle, kompetente und unkomplizierte Abwicklung/Beratung.",Dominant
Kompent & Schnell und Effizient!,Dominant
"Die Firma unternehmen und hier insbesondere Herr vorname nachname machen einen sehr kompetenten Eindruck. Schon nach wwenigen Tagen lag das erste annehmbare Angebot vor. Ich bin mehr als zufrieden.
",Stetig
"Hervorragende und sehr schnelle Bearbeitung eines Firmen-Kredites.
Super toller und kompetenter Kontakt zu dem Mitarbeiter.
Positiver Bescheid innerhalb weniger Tage mit Auszahlung des Kreditbetrages noch am selben Tag nach der Genehmigung.
Das mit Abstand beste im Bereich von gewerblichen Finanzierungen, was ich den letzten 20 Jahren Business erlebt habe.
5-Sterne plus Empfehlung.
Peter Mintel",Initiativ
"Eine tolle Beratung führte zur optimalen Finanzierung, die sehr schnell abgewickelt wurde.",Stetig
"Sofortige und schnelle Hilfe 
Immer eine Lösung parat 
Freundliches Personal",Initiativ
"Super Service, freundliche, vertrauensvolle Finanzberater, große Anzahl an Finanzierungspartnern, sehr seriös, normaler Aufwand beim einreichen der benötigten Unterlagen",Stetig
"Der Kontakt kam unkompliziert zustande. Ich bin regelmäßig zurückgerufen worden und ebenso regelmäßig über den derzeitigen Stand des Projektes auf dem Laufenden gehalten worden. Auftretende Fragen wurden sofort und umfassend beantwortet, Probleme auch mit aktiven Vorschlägen aus der Welt geschafft. Einzig der Auswahlprozess, der letztendlich zur Wahl des Investors geführt hat, war nicht komplett transparent.",Gewissenhaft
Gute Kombination von digitaler Abwicklung und persönlicher Betreuung bei Leasinganfragen,Gewissenhaft
"Sehr gute Partnerschaft!!!
Seit Sommer 2018 4 Vorgänge abgewickelt und alles immer rasant schnell. Ein Ansprechpartner der immer erreichbar ist. Bisher nichts zu bemängeln.",Initiativ
Top schnelle kompetente Abwicklung absolute Profis am Werk,Initiativ
"Letztlich toll, dass es funktioniert hat und das Engagement von Herrn nachname ist klasse. Das zurückgezogene Angebot der APO Bank hat uns leider einige Probleme bereitet",Gewissenhaft
"Schnelle und einfache Bearbeitung, gute Beratung",Dominant
"Als Berater ist unternehmen die Super Ergänzung, die Zusammenarbeit ist super, besonders mit Herrn nachname. Vielen Dank",Initiativ
"Sehr korrekte Abwicklung, passt Alles!",Dominant
"Zuverlässiger Partner
Ich habe unternehmen über das Internet gefunden und einen Finanzdienstleister gesucht, der uns die nächsten Jahre begleitet und auch eine schwierige Anfangsphase nicht scheut. Uns wurde professionel geholfen und die Situation wurde realistisch eingeschätzt. Massgeschneiderte Lösungen angeboten. Hat unsere Erwartungen übertroffen, wir sind zufrieden und sehen der weiteren Zusammenarbeit entgegen.
Weiter so",Stetig
"Bei unternehmen ist man von Anfang an gut beraten: Mit Ehrlichkeit, Prägnanz und Sachkenntnis geht der Kundenberater ran und begleitet einem bis zum Schluss der Kreditvergabe. 
Ich kann unternehmen nur weiterempfehlen!",Stetig
Schnell und unkomoliziert,Dominant
"Wir waren mit unternehmen in der Lage einen Unternehmenskredit zu bekommen, vielen Dank für die Zusammenarbeit!",Stetig
"Super kompetent, zuverlässig und schnell.",Dominant
Perfekter Service - super schnelle Abwicklung. Nur zu empfehlen,Initiativ
"Super schnell, sehr kompetent und angenehm in der Zusammenarbeit",Initiativ
Hat mit gut gefallen!,Initiativ
"Bekam leider nur ein Angebot, was nicht zu meiner finanziellen Lage passte...trotzdem Danke für die Bemühungen!",Stetig
"Als kleines Unternehmen (17 Mitarbeiter) haben wir bis dato nur Erfahrungen mit den regionalen Banken gemacht. Trotz positiver Berichterstattung waren wir skeptisch und sind mit einer geringen Erwartungshaltung an unternehmen herangetreten. Abschließend möchten wir sagen, dass die Zusammenarbeit sehr positiv war. Die Kommunikation war einwandfrei und immer bemüht das für uns bestmögliche Ergebnis zu erzielen. Auch über die normalen Geschäftszeiten hinaus war stets jemand ansprechbar und bereit Hilfestellung zu leisten.",Stetig
"Super, tolle Beratung und Service",Initiativ
"Guter Service, gute Erklärungen, Seriöses Angebot!",Dominant
"Vom ersten Moment an, füllte ich mich bei unternehmen sehr gut aufgehoben. Die Vermittlung von Krediten klappte reibungslos. Banken, welche mir in der Vergangenheit keine Kredite zugesagt hatten, genehmigten mir jetzt Kredite. Die Zusammenarbeit war ein voller Erfolg.",Stetig
"In der sehr schnelllebigen veränderbaren Welt der Banken und Berater hat sich unternehmen, und hier insbesondere Herr nachname sehr wohltuend hervorgehoben. Professionell, extrem kompetent und eben auch persönlich sind die Themen angegangen und mit einer ausgesprochenen Schnelligkeit gepaart mit der Fokussierung auf die unternehmerischen Belange abgezielt erfolgreich umgesetzt worden.

Empfehlung? Gar keine Frage, unternehmen ist weiterzuempfehlen.
Und hier auch die besten Wünsche für weitere erfolgreiche Transaktionen.",Initiativ
"Ihr seid ein tolles kompetentes Team, es macht Spass mit euch zusammen zu arbeiten. 

Richtig gute Mitarbeiter, sind welche, ...

die richtig Potenzial haben und Interesse zeigen.
die sich einbringen wollen.
die selbständig mitdenken und Ideengeber sind.
die ein Unternehmen voranbringen (wollen).
die dem Unternehmen und Projekt Persönlichkeit geben.
die der Firma und den Chefs gegenüber Loyal sind

in einigen Gespächen mit Ihnen Frau Di Benedetto, mit Herr Rossa, Herr nachname ( sehr guter angenehmer Mann)und Herr nachname ( der kommt sehr ernst rüber, aber sehr kompetent, ich bin überzeugt, dass der es drauf hat) und nicht zu vergessen Frau nachname ( toller Mensch, sehr engagiert) habe ich getestet wie loyal ihr gegenüber euerer Firma und den Chefs seid, ihr habt alle mit Bestnote bestanden, ihr seid ein tolles Team.
Ich hoffe ich werde die anderen Mitarbeiter auch mal kennen lernen.

Jetzt aber zu den Chefs:

Top-Mitarbeiter verlassen niemals ihren Job, sondern ihren Chef. 

Guten Mitarbeitern sind immer folgendes wichtig und das sollten Führungskräfte immer wissen:

Arbeitsklima
Kollegenfreundschaft
interessante Aufgaben
Entwicklungschancen
gewisse Freiheiten (Homeoffice, Arbeitsbeginn etc.)

und ich glaube ihre Chefs beherschen und beachten dies. Ihr seid alle dann gut aufgehoben. Sie sind auf jeden Fall kompetent, sonst wären sie nicht in der Lage gewesen, so eine tolle Mannschaft zusammen zu schweißen.

Für mein Team ist es wichtig mit einer seriösen Firma zusammen zu arbeiten, deren Mitarbeiter kompetent sind, deshalb arbeiten wir mit ihnen zusammen.

Wir werden noch viele unserer Kunden an sie weiter vermitteln.

Schöne Grüße aus dem Saarland.
Michler",Initiativ
"Ich machte zu meiner Überraschung wirklich gute Erfahrungen, war zu Beginn naturgemäß skeptisch.
Auch wenn es in unserem Fall kein Darlehnsabschluss zustande kam würde ich diese Plattform wieder aufsuchen.",Gewissenhaft
Sehr guter Service realisiert durch meinen persönlichen unternehmen-Berater mittels seines 100%-igen Einsatzes zugunsten einer professionellen Abwicklung mit erfolgreichen Resultat.,Initiativ
Alles Super,Initiativ
"Sehr gute Beratung,
kompetenten und sehr einsatzbereit,
bin sehr zufrieden.",Initiativ
sehr kunden- & serviceorientiert,Dominant
Professionelle Abwicklung und vor allem Lösungsorientiert. Sehr gute Konditionen bekommen. Jederzeit zu empfehlen!,Dominant
"Ausgezeichnete und schnelle Beratung, es wurden maßgeschneiderte Finanzprodukte für uns gefunden!",Dominant
"Hervorragende kompetente Beratung. War am Beginn etwas Misstrauisch, kann unternehmen aber wirklich als Top Beratung empfehlen. Wir konnten innerhalb kürzester Zeit, und völlig unkompliziert mehrere Transporter und Baumaschinen finanzieren. Vielen Dank dafür...",Initiativ
"Hervorragende Beratung! 
Der Service von Compoeon ist freundlich, schnell, kompetent, flexibel und sehr lösungsorientiert. Die Erwartungen wurden am Ende mehr als erfüllt. unternehmen ist auf jeden Fall eine Empfehlung wert.",Initiativ
"rundum kompetente Beratung und sehr zuvorkommender Service 

einfach toll und unkompliziert

super",Initiativ
"Guter Service. Als Neukunde wurde mir von meinem persönlichen Ansprechpartner, genau mitgeteilt was benötigt wird um die Ausschreibung richtig zu erstellen. Nach Erhalt der Resultate ging die persönliche Betreuung bis zum positiven Abschluss weiter. Sehr zu empfehlen!",Stetig
"Sehr gute, unkomplizierte und kompetente Beratung",Dominant
"Super Service, kompetente Beratung, starke Plattform! Auf jeden Fall empfehlenswert!",Initiativ
"Kompetente Beratung, problemlose Abwicklung der Finanzierung,
Danke",Dominant
"Sehr kompetente Gesprächspartner, gerade dann, wenn es nicht um den Standard geht!",Dominant
Das Verfahren funktionierte einfach und war bereits nach kurzer Zeit positiv abgeschlossen.,Dominant
"Danke für die schnelle und unkomplizierte Unterstützung in meinen Finanzierungsfragen. Selten so gut betreut worden.

Viele Danke an das gesamte Team von unternehmen",Initiativ
Leider gar nicht digital sondern sehr manuell,Dominant
Perfekter Service. Schnelle Rückmeldung und Beratung über Detailfragen wie genau die Ausschreibung gestaltet werden soll. Nach ca. 2 Wochen hatten wir schon Angebote von Banken vorliegen.,Stetig
"Die Beratung durch unternehmen war hervorragend, weil sie proaktiv und flexibel auf unsere Bedürfnisse einging. Im Ergebnis konnten wir so zusammen mit dem sehr kompetenten unternehmen-Berater und dem verfügbaren Banken-Netzwerk ein maßgeschneidertes und sehr attraktives Finanzierungspaket realisieren. Bei unserer nächsten Finanzierung werde ich mich daher wieder sehr gerne an unternehmen wenden.",Stetig
"Die Qualität, Geschwindigkeit und auch das persönliche Engegemant der Services von unternehmen, explizit auch in Person von Herrn nachname, war herausragend. Vielen Dank nochmal!
",Stetig
"Da eine Finanzierung bereits realisiert wurde, kann ich nichts nachteiliges sagen. Diese Finanzierung wurde schnell, und für unseren Kunden positiv beendet. 

MFG
H & W Financial Service Ltd.
Herbert Walter",Gewissenhaft
Sehr gute Beratung und Unterstützung!,Initiativ
"Kompetente und sehr engagierte Ansprechpartner. Insbesondere ein ganz großes Dankeschön an Herrn nachname; sehr gute Beratung!!
Das Finanzierungsmodell ist individuell auf unser Unternehmen abgestimmt und die Konditionen sind sehr gut.
Eine Zusammenarbeit mit unternehmen ist empfehlenswert.",Initiativ
schnelle kompetete Beratung - zeitnahe Bearbeitung - freundliche Mitarbeiter,Dominant
"bei uns ging es um den Mietkauf einer Maschine, die Bearbeitung und Erstellung der Angebote lief problemlos und sehr kurzfristig. Ich würde jederzeit wieder anfragen.",Gewissenhaft
Zügige Abwicklung und unkompliziert.,Dominant
"Frau Sobotta hat mir unkompliziert und mit sehr viel Bemühungen weitergeholfen. Sehr zu empfehlen. Vielen herzlichen Dank
",Stetig
Der Service und die Beratung waren sehr gut. Ich kann es nur Empfehlen.,Stetig
"hat hervorragend funktioniert. Alles ging einfach, schnell und unkompliziert. Die Konditionen die ich bekam waren sehr gut.",Dominant
Hervorragende Unterstützung. Es bleiben keine Fragen offen.,Initiativ
"Meine bisherige Erfahrung beruht auf der Betreuung durch Frau Laux.
Ich kann durchweg nur absolut positiv berichten. Die Zusammenarbeit war eloquent, professionell, zuverlässig,
super sympathisch, einfach perfekt.
Jeder Zeit und immer wieder…",Initiativ
"unternehmen hat uns sehr bei der Finanzierung unseres Bürogebäudes geholfen. Gerne wieder!
",Stetig
"Frau nachname ist eine sehr engagierte Dame , die hervorragende Arbeit leistet , sie wäre für jedes Unternehmen ein großer Gewinn.",Initiativ
"Top Beratung, kurze Wege, schnelle Entscheidungen!",Dominant
"Super Service, jederzeit gerne wieder",Initiativ
"In der heutigen Zeit - insbesondere wo sich die Geschäftsmodelle der Banken und Finanzinstitute zum Teil dramatisch verändern - ist es für ein mittelständisches Unternehmen aus der Solarbranche wie unser, wichtig zu wissen, einen Partner wie unternehmen an der Seite zu haben. Ein Partner, der in (fast) allen Finanzierungsfragen Lösungen anbieten kann.",Initiativ
"Sehr bemüht, professionell und unterstützend.",Dominant
Toller Service und kompetente Ansprechpartner!,Dominant
"5 Sterne, dass sagt alles. Kann dieses Unternehmen insbesondere Frau nachname nur weiterempfehlen. Kompetent - freundlich - geduldig und Verständnisvoll
Immer wieder gerne",Initiativ
"Schnell, unkompliziert, zuverlässig und kompetent,
so wie man es in der heutigen Zeit braucht.
Jederzeit wieder gerne.",Initiativ
Ich kann unternehmen empfehlen,Dominant
Übersichtliches Portal. Schnelle Kontaktaufnahme und Unterstützung. Die Kontaktpersonen sind immer bemüht und freundlich.,Stetig
"Die Bearbeitung war zügig und wir wurden immer zeitnah über den aktuellen Stand informiert. Wenn man nicht selbst lange Recherchen anstellen will und eine große Breite an Anbietern nutzen möchte, ist unternehmen sehr zu empfehlen. Wir hatten Erfolg!",Stetig
"Ich kann unternehmen nur empfehlen. Mein Ansprechpartner dort war sehr engagiert, hat mich gut beraten. Nach Einreichung der Unterlagen hatte ich sehr schnell ein Angebot und kurz darauf wurde mir das Darlehen zur Verfügung gestellt.",Gewissenhaft
Eine wunderbare Zusammenarbeit mit hervorragenden Ergebnissen. Durch die maximale Machbarkeitswahscheinlichkeit und dem Ausschreibungsnachnameip wird für den Kunden das bestmöglich Angebot im schwierigen Markt der Gewerbefinanzierungen erzeugt. Gepaart mit persönlicher und hochspezialisierter Beratung macht die Zusammenarbeit sehr viel Spaß! Wir freuen uns über weitere gemeinsame Projekte!,Initiativ
"Ausschreibungsverfahren führt zu effizieter Bündelung der Aktivitäten.
Professionelle bearbeitung von Rückfragen.",Dominant
"Die Bearbeitung war hervorragend. Sehr schnell und unbürokratisch.
Ich kann es nur weiter empfehlen.",Initiativ
"Schnell, einfach, günstiger und besser ??",Initiativ
"Sehr gute und kompetente Beratung, kann man nur empfehlen!",Initiativ
"sehr einfache Handhabung bei Eingabe der Anfrage, sehr schnelle Reaktion, äußerst engagierte Mitarbeiter!",Initiativ
Die Unterstützung war sehr hilfreich!,Stetig
alles ging schnell und problemlos.,Dominant
"Kompetente, fachlich versierte, lösungsorientierte Ansprechpartner, die auch Alternativüberlegungen einbringen; empfehlenswert",Gewissenhaft
unternehmen hat nach kurzer Beratung das passende Angebot vermitteln können. Dabei wurde ohne viel Umschweife auf die wichtigsten Punkte eingegangen. Von der Kontaktaufnahme zu unternehmen bis zur Auszahlung des Kredites sind nicht einmal 2 Wochen vergangen.,Gewissenhaft
"Sehr netter, kompetenter Kontakt. Empfehlenswert. Vielen Dank!",Initiativ
Nach anfänglichen Startschwierigkeiten Top-Service und Flexiblität,Dominant
Eine wundervolles Konzept für Unternehmensfinanzierungen.,Initiativ
"Engagierte und kompetente Mitarbeiter, die auch mögliche Alternativen aufzeigen und sich eigeninitiativ um die Belange des Kunden kümmern.
Uneingeschränkt empfehlenswert.",Initiativ
Dynamisch und zuverlässig,Dominant
"Gute Portallösung mit persönlichen Beratern, die freundlich und zuverlässig die passenden Konzeptionen erstellen.",Stetig
"Für Privatkunden gibt es viele Vergleichsportale...aufmerksam geworden durch eine Werbung, finden wir es toll, dass Unternehmen - auch unabhängig von einer Hausbank unkompliziert, aber mit persönlicher Beratung zu dem jeweiligen Projekt eine Finanzierung suchen können",Initiativ
"Die Vermittlung von Finanzierungsanfragen erfolgt höchst kompetent.
Aufgrund der offenen Kommunikation konnten die Anfragen in kürzester Zeit zum Abschluss gebracht werden.",Gewissenhaft
kompetent schnell und super freundlich,Initiativ
"Top Service, schnelle Entscheidungsfindung. Mit unternehmen taucht man in eine völlig neue Welt der Finanzierung ein. Wer jetzt noch sagt Deutschland sei eine  Servicewüste der soll sich bitte mit unternehmen in Verbindung setzen.",Initiativ
"Sehr gute Beratung, schnelle Reaktionszeit",Initiativ
Ausreichend gute Angebote in guter Zeit,Gewissenhaft
"Kompetente Beratung einfacher Prozess, Spitze.",Initiativ
"Es ist sehr wichtig gut beratet zu werden.. für mich wars auch sehr wichtig dass zügig auf anschreiben antwort kommt .. ich finde es super dass sofort auf e mails und anrufe geantwortet worden ist . 
Ich kann es nur weiterempfelen .. 
????",Initiativ
Habe mich sehr gut beraten und betreut gefühlt jederzeit gerne wieder.,Stetig
"Bei der Beantragung von Betriebsmitteln für einen Klienten hat die einfache Handhabung der Homepage, zusammen mit der persönlichen Prüfung und Optimierung der Anfrage durch Herrn nachname als Kundenberater, zum erfolgreichen Abschluss geführt. Vielen Dank!",Gewissenhaft
Schneller & freundlicher Service!,Initiativ
"Herr nachname der Berater war Einwandfrei Sachlich hat Erfahrung und Kompetenz die seines Gleichen Sucht. 
Danke Herr Gurschke",Initiativ
"Schnelle, kompetente Abwicklung",Dominant
"Nach Spezifizierung unserer Anfrage erhielten wir kurzfristig mehrere Finanzierungsangebote. Bei Rückfragen konnten wir jederzeit unseren Ansprechpartner bei unternehmen sprechen. Sehr angenehmer Kontakt, können wir nur empfehlen.",Stetig
Kompetente Beratung und Unterstützung,Dominant
Sehr zügige und zielführende Beratung am Telefon sowie Vermittlung von Finanzierern - auch bei Speizailmaschinen. Gerne wieder!,Dominant
"Prompte Bearbeitung der Kreditanfrage
Kontinuierlicher Ansprechpartner
Gute Erreichbarkeit
Direkte offene Kommunikation",Gewissenhaft
Das Angebot kam schnell mit guten Konditionen mit Nachverhandlung!,Dominant
"Ich war mit der Tätigkeit von unternehmen sehr zufrieden und kann die Gesellschaft guten Gewissens weiter empfehlen. 
Mein Sachbearbeiter, Herr nachname, stand mir äußerst kompetent für alle Fragen jederzeit zur Verfügung. Äußerst hilfreich war sein Wissen, wie Banken heutzutage „ ticken „.
In allen Besprechungen mit den Banken war seine Verhandlungsführung 
sehr hilfreich und zielführend.
Danke.",Stetig
"Mein Ansprechpartner bei unternehmen, Herr nachname, ist nicht nur kompetent und effektiv, sondern auch schnell. Und allein das zählt in der Wirtschaft.
Weiter so! Ich kann unternehmen nur wärmstens empfehlen.",Initiativ
Kompetente und gute Beratung sowie ein offener und schneller Service! Gerne wieder.,Stetig
Super Beratung und Unterstützung,Initiativ
"+ geringer Aufwand für die Erstellung einer Kreditanfrage
+ erfolgreiche Vermittlung von zwei Firmenkrediten (Gesamt: 520 TSD Euro)
+ Vermittlung einer Bank, die wir sonst nie angesprochen hätten (apoBank)
+ super Konditionen
+ kompetente, freundliche und kreative Mitarbeiterin
+ schnelle Antworten per E-Mail, telefonisch erreichbar",Gewissenhaft
"Sehr kompetente Beratung, immer auf der Suche nach einer passender Lösung. Ich war positiv überrascht über so viel Engagement.",Initiativ
Die Zusammenarbeit mit den Mitarbeitern der Firma unternehmen waren sehr gut.,Stetig
Kompetente Ansprechpartner und schnelle Ergebnisse und Entscheidungen!,Dominant
"Kompetente, persönliche Kundenbetreuung!",Stetig
Hervorragende Beratung und vor allem auch sehr gute persönliche Betreuung !,Initiativ
"Sehr netter Kontakt.
",Stetig
Sehr schnell und gutes Angebot,Dominant
Alles reibungslos.,Dominant
"schnelle Bearbeitung
leichte Kommunikationsprobeme",Dominant
"professionelle und termingerechte Betreuung, sehr gutes Ergebnis",Dominant
Sehr freundliche und persönliche Beratung.,Stetig
schnelle und unkomplizierte Bearbeitung.,Dominant
"Top Service / Der Ansprechpartner hat sich ohne aufzugeben sehr gut und intensiv gekümmert.
",Initiativ
"Durch die professionelle Aufbereitung unserer Anfrage wurde das angefragte Darlehen innerhalb weniger Tage durch einen alternativen Finanzierer genehmigt und ausgezahlt.
",Gewissenhaft
"Seriös und kompetent. Und es hat wunderbar geklappt. Umschuldung, weg von Dispo mit 8.9 % hin zu Annuitätenkredit sehr guten Konditionen.",Gewissenhaft
Sehr kompetente Beratung und individuelle Lösungen auch in schwierigen Themenbereichen möglich. Fazit: Sehr empfehlenswert!,Dominant
"Unkompliziert und schnell. Vielen Dank für die gute Zusammenarbeit
",Initiativ
Sehr gute Plattform !,Dominant
Freundlicher und kompetenter Service,Initiativ
"Es hat alles sehr super und unkompliziert Funktioniert, kann man nur weiter empfehlen…",Initiativ
"Freundliche, kompetente Unterstützung bei der Ausschreibung. Gesprächstermine werden genau eingehalten. Da sich für uns eine andere Lösung ergeben hatte, kam der Kreditvertrag nicht zustande.
Der Ablauf bis dahin war reibungslos.",Gewissenhaft
"Unkomplizierte und vor allem persönliche Abwicklung der Anfragen. Ich war zu Anfang skeptisch unternehmensrelevante Daten hochzuladen. Durch ein persönliches Gespräch mit unserem veranwortlichen Betreuer, wurden diese Bedenken aber sofort entkräftet. Die Anfragen wurden in ein bis zwei Wochen positiv entschieden. Das nächste Mal werden wir genauso wieder vorgehen.",Stetig
Persönliche Beratung top,Stetig
Sehr überzeugender Service! Kompetent und schnell! Werde es auf jeden Fall wieder nutzen.,Initiativ
Hat super geklappt.,Initiativ
"Ich hatte einen Kontokorrentkredit ausgeschrieben und innerhalb einer Woche hatte ich drei Angebote, die günstiger waren als bei meiner Hausbank. Echt Klasse. Mache meine nächsten Finanzierungen auch wieder mit unternehmen.",Stetig
"*Gute Ansprache und Erreichbarkeit eines Beraters
*Lösungs- und erfolgsorientierte Herangehensweise
*Die Finanzierung konnte erfolgreich abgeschlossen werden",Gewissenhaft
Alles bestens!,Dominant
"Alles bestens, bei Bedarf gerne wieder.",Stetig
alles ok,Dominant
alles super gelaufen mit der kompletten Abwicklung,Initiativ
"Angefragt hatte ich das Sale and Lease Back meines Maschinenparks. Da die Bewertung der Maschinen sich seitens Gutachter etwas gezogen hat, konnte mein Berater mir binnen weniger Stunden eine Kreditzusage über ein Engagement von ***€ Einholen.

So stelle ich mir das vor!",Gewissenhaft
"Ansprechpartner hat sich sofort um unser Anliegen gekümmert und uns bis zur Lieferung mit Rat und Tat begleitet. Er war verbindlich und hat alle Zusagen gehalten. Top Leistung !!!
Es war nur ein Waschanlagen Kauf, aber ich würde auch größere Projekte mit dem Anbieter machen.",Initiativ
"Auch wenn wir bis dato noch keine Fremdmittel aufnehmen mussten, über unternehmen ging das sehr schnell und relativ einfach ohne aufwendige bürokratische Hürden.",Gewissenhaft
"Auf der Suche nach einer Sattelzugmaschine bin ich auf unternehmen gestoßen. Innerhalb kürzester Zeit hatte ich vier Angebote vorliegen und konnte mir das optimale aussuchen. Der Ablauf war schnell und unkompliziert, ich sage Danke!",Gewissenhaft
"Auf Umwegen haben wir von dieser Finanzagentur erfahren. Nach einer Anfrage von unserer Seite bekamen wir sofort einen hilfreichen Rückruf zur Abklärung unserer Situation. Daraufhin haben wir spontan alle Unterlagen erhalten, die wir zur Darstellung unseres Finanzproblems brauchten. Die Firma unternehmen hat sich sogleich mit unseren Unterlagen auf die Suche nach einem Finanzpartner begeben. Wenige Tage später erreichten uns dann entsprechende Angebote. Wir sind zu 100% zufrieden gestellt worden.",Initiativ
"Beim Wareneinkauf konnte mich unternehmen. Mit einer Einkaufsfinazierung perfekt Unterstützen.
Ich freue mich auf das nächste Projekt.",Stetig
Beratung war sehr zielführend.,Dominant
Besonders gelungen war der unkomplizierte Datenaustausch mit unternehmen. Nach der Anmeldung erhielten wir zugang zu einer Plattform auf welcher wir unsere Dokumente umgehen hochladen und den Bearbeitungsstand einsehen konnten.,Gewissenhaft
"Bin sehr zufrieden, ging Alles schnell und kompetent über die Bühne.",Dominant
Dank unternehmen konnte ich einen passenden Factoringpartner finden mit dem ich sehr gut zusammenarbeite. Der Vergleich der Konditionen und Gebühren hat mir viel Zeit und Aufwand gespart,Gewissenhaft
Dank unternehmen konnte ich mir eine Anschlussfinanzierung innerhalb weniger Tage sichern. Damit konnte ich meine Geschäftsfelder erweitern und den Umsatz steigern. Kann ich so empfehlen.,Stetig
"Der Einsatz aller Mitarbeiter von unternehmen war beispielhaft. Zu jedem vereinbarten
Termin kamen pünktlich die Ansagen. Durch die Vermittlung von unternehmen konnten wir eine Lösung für unsere Finanzierung finden. Wir werden unternehmen in jedem Falle weiterempfehlen.",Initiativ
"Der Finanzbedarf wurde kompetent und schnell gelöst.
Vielen Dank",Dominant
"Der Finanzberater war zu jeder Zeit hilfsbereit und erreichbar. Er verstand es perfekt unsere Gedanken und Wünsche in sehr kurzer Zeit umzusetzen. Jede Frage wurde sofort verständlich beantwortet.
Wir werden diese Firma jederzeit, jedermann empfehlen und auch wir werden diese in Zukunft wieder nutzen",Initiativ
"Der Kundenberater war freundlich, zielorientiert und konnte uns kompetent zur Seite stehen. Gerne wieder.",Stetig
Die Abläuf bei unternehmen sind für mich nicht ganz klar und wenig nachvollziehbar. Die Bearbeitung des Vorgangs hat sehr lange gedauert (mehrere Wochen) und über den Bearbeitungssstand wurde ich nur auf Nachfrage informiert.,Gewissenhaft
"Die Abwicklung verlief schnell, unkompliziert über Mail`s. Besonders möchte ich den freundlichen
Kontakt zu Ihrer Mirarbeiterin,***, hervorheben. 
Bei Bedarf werde ich gern wieder auf Sie zukommen.
mfG",Initiativ
"Die Abwicklung war von Anfang an professionell, zügig und offen. Das Team freundlich und
jederzeit erreichbar. Wir sind sehr zufrieden. Wir werden unternehmen weiter empfehlen.",Stetig
"Die anforderten Dokumente des Finanzierers waren relativ viel, aber trotzdem hat uns unternehmen dabei unterstützen können!",Gewissenhaft
"Die Aufgabenstellung war unter den aktuellen Betriebszahlen und Entwicklungen sehr schwierig.
Aber zusammen mit *** haben wir einen Partner gefunden, der eine EInkaufsfinanzierung zu passenden Konditionen und Abwicklungsprozessen mit trägt. Ein Ausbau der Zusammenarbeit kann ich mir sehr gut vorstellen.",Initiativ
"Die Beratung unseres Betreuers war sehr freundlich und kompetent. Kann unternehmen nur weiterempfehlen. Wünschte es würde noch etwas weniger Unterlagen benötigt, aber das hängt wohl von den finanzierenden Kreditinstituten ab. unternehmen hat sehr gut moderiert und über die Plattform hatte ich immer Einsicht in den aktuellen Stand meiner Anfrage.",Stetig
Die Beratung war sehr Kompetent. Der Berater war ständig erreichbar und kümmerte sich um jegliches Anliegen bestens. Die Finanzierung wurde auf meine Bedürfnisse angepasst. Ich bin mit dem Gesamtergebnis sehr zufrieden.,Stetig
"Die Beratung war überaus kompetent, bemüht und lösungsorientiert. Innerhalb kurzer bekam ich eine sehr gute und passende Finanzierungslösungen.",Dominant
"die Firma unternehmen war die einzige die uns Helfen konnte und die Einzigen die sich bemüht haben den Kunden alles zu ermöglichen. wir haben eine Finanzierung über eine Leasing bekommen und haben einen Mietkauf bekommen für eine Solaranlage mit super Konditionen. Da es für Kleingewerbe sehr schwer ist eine Finanzierung egal welcher art zubekommen haben unternehmen super Arbeit gemacht. Danke Danke auch an ***
Finanzierungsberater der sich da Reingekniet hat.",Initiativ
"Die Mitarbeiter sind sehr freundlich und Fachkompetent und versuchen jederzeit die Wünsche der Kunden zu realisieren.Es wird jederzeit versucht das beste Angebot für den Kunden zu finden.
Die Firma unternehmen können wir jeder Firma weiterempfehlen.",Stetig
Die Mitarbeiter von unternehmen waren für meinen Mandaten an individuellen Lösungen interessiert. Sehr service- und kundenorientiert.,Stetig
Die schnelle und kompetente Beratung sowie der Einsatz der Mitarbeiter ist vorbildlich im Finanzsektor. Die Konditionen und Abwicklung ist 1A. Immer gern wieder. LG.,Initiativ
Die Vorabzahlung war etwas ungewöhnlich aber fair. unternehmen konnte uns professionell bei der Einrichtung einer Factoringlinie unterstützen.,Stetig
Dies war unser zweiter Abschluss mit unternehmen und wir sind immer noch höchst zufrieden.,Initiativ
Diskrete und angenehme Finanzabwicklung,Gewissenhaft
"Durch ein übersichtliches Portal unterstützte Beratung. Die Planung und Umsetzung einer Finanzierung für unser Unternehmen ging sehr schnell und absolut problemlos. Bei der Beratung wird viel Wert darauf gelegt, das Business-Modell komplett durchschaut zu haben.",Gewissenhaft
"Eigentlich 5 Sterne, aber leider wurde uns nicht der volle Kreditbetrag gestattet.",Stetig
"Ein Super Team !!!
Alles sehr unkompliziert, ein toller Service, rasche Bearbeitungszeit. unternehmen ist nur zu Empfehlen.",Initiativ
Eine sehr gute Alternative zum klassischen Weg über die Hausbank. Sehr zu empfehlen.,Stetig
"Einfache, schnelle und unbürokratische Abwicklung, besonders wichtig bei kleinen Unternehmen wie unseres, da keine Zeit verschwendet werden muss für langwierige Beschaffung von Unterlagen, die nachher doch nicht bewertet werden. Faire Gebühren ! Werde nächsten Bedarf wieder mit Ihnen angehen.",Initiativ
"Einfacher Prozess, Top Service und sehr zügig!",Initiativ
Empfehlenswert und wird gerne weiter empfohlen!,Stetig
"Engagiert, zielorientiert und effektiv also genau was man sich von einem Dienstleister erwartet. Es ist somit sehr viel einfacher als selber die Angebote zu vergleichen wenn es mal um komplexere Leasinganfragen geht was wiederum Zeit und somit Geld spart. Der Service war persönlich ausgerichtet und daher würde ich ihn jederzeit wieder in Anspruch nehmen.",Initiativ
Es halt alles prima geklappt - es wurde sich gekümmert und auch auf Ablehnung von Angeboten nicht unwirsch reagiert,Initiativ
Es hat nicht einmal 48 Stunden gedauert bis ich die ersten Angebote von Finanzierungspartnern hatte,Initiativ
"Extrem schnell in den Reaktionen, super freundlich und kompetent, hervorragend auf digitale Abwicklung spezialisiert, die Abfolgen von Abfragen-Info´s auswerten-neue Info´s abfragen-auswerten-Finanzierer auswählen ... sind so getaktet, dass der Anfrager schon Mühe hat, diese Taktzahl zu halten. Sehr angenehme Begleitung durch diesen Prozess, Auswahl des richtigen Finanzierers, marktkonforme Konditionen, schnelle und kurze Entscheidung. Es gibt nichts, was zu kritisieren / verbessern ist. :-):-)",Initiativ
Exzellenter Service!,Initiativ
"unternehmen bietet als innovative digitale Finanzierungsplattform für kleine und mittlere Unternehmen einen unabhängigen Finanzierungsvergleich. Dieser bezieht sich nicht nur auf die Zinskondition, sondern auch auf Service- und Nebenleistungen. Hierfür stehen circa 200 Finanzierungspartner mit ihren Diensleistungen zur Verfügung. Die Menustruktur ist anwenderfreundlich und es wird ein regelmäßiger Austausch per Telefon oder per Mail gepflegt. Kompetente und kundenorientierte Abwicklung. Bestens!",Gewissenhaft
unternehmen hat es meinem Unternehmen ermöglicht schnell an die nötigen liquiden Mittel zu kommen um einen Großauftrag zu erfüllen! Besten Dank,Gewissenhaft
unternehmen hat mir bei der Liquiditätsbeschaffung enorm geholfen. EInfach zu bedienendes Portal und zusätzlich toller Support. Kann ich nur empfehlen.,Stetig
unternehmen hat mir eine super Dienstleistung geliefert und mir eine breite Übersicht über Angebote am Markt aufgezeigt. Meine nächste Anfrage werde ich auf jeden Fall wieder bei unternehmen stellen.,Initiativ
unternehmen hat uns eine kurzfristige Finanzierung von offenen Forderungen vermittelt. Die Kontakte zu den Finanzierungspartnern wurden schnell hergestellt. Bei Problemen wurde schnell reagiert. Wir waren sehr zufrieden.,Initiativ
unternehmen hat uns seit der Gründung unseres Unternehmens in herausragender Weise bei der Optimierung unseres Working Capitals unterstützt. Dies bezieht sich vor allem auf die Beratungsqualität und die Schnelligkeit der Umsetzung unserer Projekte. Vielen Dank !!!,Initiativ
"unternehmen ist ein seriöses Unternehmen welches auf das Wohlempfinden Ihrer Kunden bedacht ist!
Ich kann dieses Unternehmen und *** weiterempfehlen!
Vielen dank",Stetig
"unternehmen ist eine super Portallösung mit persönlichen Beratern, die freundlich und zuverlässig passende Finanzierungslösungen erstellen.",Initiativ
"unternehmen konnte mir eine Lösung ausarbeiten die letztlich zum Erfolg führte. Der für mich zuständige Mitarbeiter ist mit Eifer, Konsequenz und auch der nötigen Portion Freundlichkeit and die Sache gegangen und hat, so denke ich auch durch seinen persönlichen Einsatz, damit zum Gelingen beigetragen. Ich kann die Zusammenarbeit empfehlen.",Initiativ
"unternehmen sieht sich als langfristiger Partner beim Wachstum. Wir sind ein kleines Unternehmen mit Wachstumspotential, wo sich aber auch aufgrund der Branche und der Phase, in der wir stecken, die Strategien immer schnell ändern können. Da ist dann der Weg der klassischen Finanzierung häufig schwierig. Hier hat man verstanden, dass gerade junge schnell wachsende Unternehmen individueller betreut und beraten werden müssen.",Gewissenhaft
"unternehmen war sehr bemüht unser Anliegen zu verstehen und schlussendlich lag ein gutes Leasingangeobt, welches wir angenommen haben, vor.",Gewissenhaft
"Folgegeschäft - schnell und unkompliziert, genau wie beim ersten Mal.

Super!",Initiativ
"Freundlich und kompetente Beratung am Telefon, danach ging es sehr schnell und nach nur zwei Wochen wurde uns der Kredit ausbezahlt.",Stetig
"freundliche Beratung, kompetentes Team",Stetig
günstigen kredit bekommen-geld gespart. das ist alles was zählt,Initiativ
"Gute Abwicklung, schnelle Reaktion, ausführliche Angebotsausarbeitung!",Gewissenhaft
"gute beratung , zielorientiertes schnelles Vorgehen",Dominant
"Gute Lösungsansätze, kompetente Unterstützung.",Stetig
"Gute und Kompetente Beratung, schnelle Reaktionszeiten.",Dominant
Gute und schnelle Bearbeitung meiner Anfrage,Gewissenhaft
"Guter Service, ein sehr kompetenter Berater (***) und ein faires Angebot. Wir werden bei der nächsten Finanzierung wieder anfragen!",Stetig
Habe eine sehr gute Erfahrung mit dem Service von unternehmen gehabt. In weniger als zwei Wochen war meine Finanzierung gestemmt.,Stetig
Haben mir zwar nicht komplett aber zum grossen teil geholfen. Sehr netter kontakt und hilfsbereit,Stetig
Hat alles gut geklappt und konnte zügig abgewickelt werden - ein professioneller Partner!,Initiativ
Ich bin sehr positiv überrascht gewesen. Sehr schnelle und kompetente Abwicklung. Jederzeit wieder,Initiativ
Ich freue mich unternehmen als zuverlässigen Partner an meiner Seite gehabt zu haben. Done done. Danke!,Stetig
Ich gebe unternehmen 5 Sterne aner auch den neuen Zugmaschienen.,Initiativ
Ich hatte anfangs Bedenken weil soviele Dokumente gefordert wurden. Doch das kompetente Team von unternehmen konnte meine Bedenken zerstreuen. Bei unternehmen ist man immer direkt am Berater und landet nicht im Callcenter.,Stetig
"Ich war insgesamt sehr zufrieden, und letztendlich zählt sowieso nur das Ergebnis (=Das Zustandekommen der Finanzierung).
Der einzige Kritikpunkt aus meiner Sicht ist Ihr Telefonsystem: 
Wenn man versucht, den persönlichen Berater auf der vermeintlichen Durchwahl anzurufen, landet man immer in endlosen Warteschleifen. Das macht einen komischen Eindruck, und es erzeugt Misstrauen bei Leuten, die Sie noch nicht kennen.",Gewissenhaft
"Ich war mit dem Prozess bei unternehmen eigentlich sehr zufrieden, nur haben die Partner relativ lange gebraucht um eine Entscheidung zu fällen. Diese war jedoch positiv und damit alles gut.",Stetig
Ich war überrascht wie schnell die Finanzierung geklappt hat und mit wie wenig Aufwand. Der Service von unternehmen war sehr professionell und zielführend.,Initiativ
"Im Vergleich zu klassischen Geschäftsbanken sind die angeforderten Unterlagen auf das Notwendigste beschränkt. Dadurch kommt es zu einem schlanken und schnellen Entscheidungsprozess innerhalb kürzester Zeit.
Transparent, ehrlich, fair",Initiativ
Kann ich nur weiter empfehlen!,Initiativ
"Klare ,strukturierte Vorgehensweise . Berücksichtigung der firmenspezifischen Problemfelder .
Gemeinsame Bewertung des aktuellen und kurzfristigen Finanzbedarfs für neue Projekte .
Verständnis für komplizierte Zusammenhänge wie Auslandsgeschäfte (z.B .Indien )
Im Vergleich zu  herkömmlichen  Kreditinstituten - auch Hausbank - wesentlich flexibler ,
also jederzeit empfehlenswert . (relativ hoher Zins ) Auch die sogn. Nachbetreuung ist absolut ok.",Gewissenhaft
"Klarer Ablauf, gute Beratung und super Vergleich. War eine neue Erfahrung, dass es auch so unkompliziert laufen kann.",Initiativ
"Kompetent, freundlich und hilfsbereit.",Stetig
"Kompetente Beratung, schnelle Bearbeitungszeit und erfolgreicher Abschluss. Vielen Dank!",Dominant
Kompetente und freundliche Beratung,Stetig
Kundenbetreung,Stetig
Kundenfreundlich versucht auch in schwierigen fällen zu helfen.,Stetig
Kurzer Kontakt zur Entscheidungsfindung. Abwicklung des Kreditverfahrens zügig und aus unserer sicht gut.,Dominant
"Kurzer und einfacher Finanzierungsprozess, extrem gute Kundenberatung.",Initiativ
"Kurzes Briefing, super Beratung, schnelle Lösung mit nachhaltigen Erfolg!!!",Initiativ
"Liebes Team von unternehmen,
vielen Dank für Ihre Empfehlung. Indaro hat uns super betreut. Sehr freundliches, geduldiges und fachkompetentes Team. Auf jeden Fall 5 Sterne!!",Initiativ
Man erhält unterschiedlichste Angebote und kann sich so für das bestmögliche entscheiden.,Gewissenhaft
Manchmal wird man von der Anzahl der am Markt verfügbaren Finanzierungsmöglichkeiten überfordert. unternehmen hat unsere Anforderungen analysiert und für uns die bestmögliche Finanzierung gefunden. Danke für die Unterstützung!,Gewissenhaft
"Mein Berater zeigte mir eine Lösung auf, mit der ich in der Lage war den Wareneinkauf für einen Großauftrag zu stemmen - ein enormer Hebel für mich und meine Firma! Ich komme wieder",Initiativ
"Meine Erfahrung mit unternehmen ist sehr positiv. Von der ersten Kontaktaufnahme bis zum Abschluss und sogar bis zur Nachbetreuung, wird zu jeder Phase der Zusammenarbeit ein offener Umgang vorgelebt. Ein ganz besonderer Dank geht an ***, der neben seiner fachlichen Kompetenz stets bemüht war, das richtige Programm/Modul mit TOP-Konditionen als Lösung herbeizuführen. unternehmen würde ich auf Grund der Seriösität und der schnellen sowie zuverlässigen Abwicklung jedem weiterempfehlen.",Initiativ
Meine Finanzierungsanfrage wurde professionell und effektiv bearbeitet mit einem erfolgreichen sowie wirtschaftlichen Abschluss.,Gewissenhaft
Meine Hausbank hat mir leider abgesagt und konnte keinen weiteren Kredit geben. Über unternehmen hab ich innerhalb kurzer Zeit eine Alternative bekommen. Kann ich nur weiterempfehlen,Gewissenhaft
"Meine Situation wurde schnell erfasst und es wurden gute Lösungen erarbeitet. Freundliche und kompetente Ansprechpartner, die sich Zeit nehmen. Der Kredit war nicht so günstig wie ich das gehofft hatte, daher nur 4 von 5 Sternen.",Gewissenhaft
Mir wurde sehr schnell geholfen und ich konnte mein Vorhaben innerhalb kurzer Zeit realisieren. Ich bin sehr zufrieden,Dominant
Mit dem Vergleich von unternehmen konnte ich meine bisherigen Leasingverträge vergleichen und auf günstigere umfinanzieren,Gewissenhaft
Mitarbeiter sind motiviert und wissen wovon sie sprechen. Kompetent und sachlich; schnell in der Abwicklung; seriöse Partner; Lösungsorientiert,Gewissenhaft
"Nach anfänglicher Skepsis gegenüber unternehmen und dem dahinterstehenden Konzept, hat *** mich zunächst mit seiner sympathischen Art gewonnen. Als es dann ins Details ging, hat er mich auch inhaltlich zu 100% überzeugt. Wow! Ich komme wieder.",Initiativ
"Nach der Anmeldung über die Website wurden wir direkt angerufen, um ein erstes Gespräch zu führen. Bei diesem wurde uns die Möglichkeiten aufgezeichnet und jede Frage kompetent beantwortet. Nachdem wir die erforderlichen Dokumente hochgeladen hatten, dauerte es weniger als eine Woche bis wir ein gutes Angebot vorliegen hatten. Dieses haben wir schlussendlich auch angenommen und konnten daurch einen Engpass bedienen. Gerne wieder. Das ist echter mehru",Gewissenhaft
"Nach einem kurzen Erstgespräch hat uns unternehmen an einen Partner weitergeleitet, dieser konnte uns dann zu einem Kredit verhelfen.",Gewissenhaft
Nach zwei Wochen hatte ich eine Lösung um meine bisherigen Finanzierungen umzuschulden.,Gewissenhaft
Nichts zu beanstanden. Uns wurde schnell geholfen!,Dominant
"Nur zu empfehlen. Klare und ehrliche Abwicklung. Keine falschen Versprechungen, wie bei vielen anderen. Innerhalb 2 Wochen war alles erledigt und die gewünschte Summe auf dem Konto. Vielen Dank.",Initiativ
Perfekt wie immer,Initiativ
Perfekte Kommunikation und kompetente Bertung,Initiativ
"Persönliche Beratung / gute Kontakte / in unserem Fall schnelle und unbürokratische Abwicklung. 
- Allerdings keine eigenständigen Finanzierungskonzepte, sondern eine reine Vergleichsplattform, die nach Vorprüfung unter Rankinggesichtspunkten Banken und Produkte anfragt und ggf. vermittelt.",Gewissenhaft
"Pluspunkte: 
- schnelle und relativ unkomplizierte Bearbeitung 
- Angebot auf die Bedürfnisse abgestimmt
Kritik:
- Vorkasse von EUR *** für die Bearbeitung (machen andere Anbieter nicht)",Gewissenhaft
Problemlöser auch in schwierigen Situationen,Initiativ
Schnell und unkompliziert!,Dominant
Schnell wurde uns ein Leasingangebot unterbreitet. Faire Konditionen und rasche Abwicklung - eine äußerst potitive Erfahrung mit unternehmen!,Initiativ
"Schnell, flexibel, zuverlässig",Dominant
"Schnell, kompetent und kundenfreundlich. Sehr gute Beratung. Jederzeit wieder...",Stetig
"Schnell, kompetent, für Finanzierungsgeschäfte ungewohnt unkompliziert und mit sehr guter persönlicher Betreuung. Ich kann es nur weiterempfehlen!",Initiativ
"Schnell, unkompliziert und kompetent. Wir würden unternehmen jederzeit weiterempfehlen!",Initiativ
"Schnell, zuverlässig, gute Kommunikation. Alles bestens.",Stetig
Schnelle & Unkomplizierte Abwicklung.,Dominant
"Schnelle Anwicklung, transparenter und schlanker Prozess und ein Berater, der meine Situation versteht und eine Lösung anbietet und auch umsetzt!",Initiativ
"Schnelle Bearbeitung, nette Ansprechpartner, reibungsloser Ablauf! Keine Optimierung aus unserer Sicht notwendig!",Initiativ
Schnelle Reaktion auf meine Anfrage und kompetente Beratung,Dominant
"Schnelle und unkomplizierte Finanzieung, wir danken!",Dominant
Schnelle und unkomplizierte Lösung in kurzer Zeit. Kann ich nur weiter empfehlen.,Stetig
Schnelle und unkomplizierte Unterstützung. Wir waren sehr zufrieden mit dem lösungsorientierten Vorgehen.,Dominant
Schnelle Vermittlung des Finanzierungspartners. Wir waren sehr zufrieden.,Initiativ
"Schnelle, unbürokratische Abwicklung.
Kompetente, persönliche Ansprechpartner.
Nur zu empfehlen !",Stetig
"Schnelle, unkomplizierte Bearbeitung, kompetente Beratung. Konkrete Antworten, keine Hinhaltemethoden..., praktische Tipps.",Dominant
schneller Reibungsloser Kontakt. Sehr nette und kompetente Ansprechpartner. Sehr gute Erreichbarkeit. Ich kann nur eine Top-Empfehlung aussprechen,Initiativ
Schnelles und unkompliziertes Verfahren ohne endloses Zahlenmaterial einreichen zu müssen.,Dominant
"Sehr engagierte Mitarbeiter, die sich um jedes Problem zeitnah kümmern.",Dominant
"Sehr engagierte und hilfsbereite Mitarbeiter - wir bedanken uns, gerne wieder!",Stetig
"Sehr engagierter und dienstleistungsorientierter Service!
Vielen Dank!",Dominant
"sehr freundlich, schnell und kompetent.
meine fragen wurden schnell beantwortet und ich hab hier die besten konditionen bekommen.
sehr zu empfehlen",Stetig
Sehr freundlicher Mitarbeiter und immer bemüht eine Lösung zu finden. Nur zu empfehlen.,Initiativ
"Sehr geehrte Damen und Herren von unternehmen, recht herzlichen Dank für die Hilfe bei der erfolgreichen Suche nach einem Einkaufsfinanzierer. Wir sind mit der Auswahl, die für uns getroffen wurde, sehr zufrieden. Die Abwicklung und Umsetzung unseres Finanzierungswunsches wurde in vollem Umfang durch unseren Betreuer, Herrn ***, umgesetzt. Gern werden wir wieder eine erneute Anfrage wieder bei unternehmen platzieren. Eins A, einfach spitze. Kann jederzeit von uns weiter empfohlen werden.",Initiativ
"Sehr geehrte Damen und Herren,

wir wurden nach unserer Anfrage per Mail umgehend zurückgerufen.
Unser Anliegen wurde zügig geprüft und bearbeitet. Die Mitarbeiter waren immer sehr freundlich und hilfsbereit.
Wir fühlten uns zu jeder Zeit dort gut aufgehoben",Stetig
"Sehr gute Beratung, uns wurde freundlich und schnell bei einer Lösungsfindung geholfen.",Stetig
"Sehr gute Dienstleistung, schneller Prozess",Dominant
"Sehr gute Erfahrung, kurze Reaktionszeit, fundierte Auskunft und kompetente Hilfe.
Kann ich sehr gerne weiterempfehlen",Stetig
"Sehr gute Überblick über mögliche Finanzierungsmodelle
Gutes Angebot an Finanzierungspartnern bei jedem Modell
Sehr schnelles Feedback
Sehr guter persönlicher Kontakt",Initiativ
"Sehr gute und freundliche Begleitung bei der Angebotsfindung. Es ging alles sehr schnell, reibungslos und unkompliziert. Die telefonische Beratung war sehr gut, sehr persönlich und fair.",Initiativ
"Sehr gute und schnelle Bearbeitung.
Von Anfrage bis zur Auszahlung dauerte es nur 5 Werktage.",Gewissenhaft
Sehr gute Zusammenarbeit und kompetenter Ansprechpartner,Initiativ
"Sehr kompetent, schnelle Bearbeitung, sehr daran interessiert ein Problem zu lösen,
vielen Dank für die schnelle unbürokratische und kompetente Beratung und Hilfestellung.",Gewissenhaft
"Sehr kompetent, sehr freundlich und durch die gute Vernetzung immer in der Lage, das passende Finanzierungs- /Investitionskonzept auf uns anzupassen. Top!",Initiativ
"Sehr kompetente Begleitung, gute Konditionen und interessante neue Lösungen. Wir sind sehr zufrieden!",Initiativ
"Sehr kompetente und fleißige Mitarbeiter. Zeitnahe Bearbeitungszeiten. Benötigte Unterlagen werden im Vorhinein besprochen. Kein unnötiges Nachkarren von Dingen, die nicht auf dem Bildschirm waren.",Stetig
Sehr kompetentes und individuell auf die Situation angepasstes Gespräch. Schnelle Bearbeitung.,Stetig
Sehr motivierte Mitarbeiter mit gutem Fachwissen. Zeitnahe Bearbeitung und Information über den Stand der Anfragen. Konditionen sind marktüblich.,Gewissenhaft
"Sehr nette, freundliche und Hilfsbereite Mitarbeiter, wir werden unternehmen wenn es nötig sein sollte immer wieder in Anspruch nehmen.
Sehr empfehlenswert.",Stetig
"Sehr positive Erfahrung gemacht, kann ich nur weiterempfehlen",Initiativ
Sehr positive Erfahrung gemacht. Nach kurzer Internetrecherche auf unternehmen gestoßen und nach einem kurzen Telefonat und Dokumentenaustausch hatte ich eine Woche später drei Angebote vorliegen. So schnell hab ich das außerhalb der Hausbank noch nicht erlebt und kann den Service nur weiter empfehlen.,Initiativ
"Sehr professionell, immer am Telefon nachfragend, sehr bemüht weitere Lösungen zu finden. Bis Ergebnisse da, klasse!",Initiativ
"Sehr schnelle Abwicklung, der Berater hat sich toll um alles gekümmert. Der Aufwand für die Abwicklung war sehr gering. Besten Dank für alles",Stetig
"Sehr schnelle Bearbeitung und was das wichtigste ist, es kommt auch zum Erfolg.
Das Team ist sehr freundlich und kompetent.
Ich würde unternehmen jederzeit weiterempfehlen.

Vielen Dank für die Klasse Beratung",Initiativ
sehr schnelle Reaktionszeit-100 % eingehalten was versprochen wurde - TOP,Initiativ
"Sehr schnelle und individuelle , der Situation angemessenen , Beratung und Kreditvergabe.",Gewissenhaft
"Sehr schneller Prozess, gerne wieder!",Dominant
Sehr unkomplizierte Abwicklung! Sehr sehr sehr zu empfehlen,Initiativ
Sehr Zufrieden,Stetig
Seriöse und Professionelle Antragstellung und Abwicklung!,Dominant
"Stressfreie, sehr einfache und schnelle Kredit- bzw. Leasing- oder Mietkaufvermittlung durch freundliche Berater der Firma unternehmen. Seriös und empfehlenswert.",Initiativ
Super Dienstleistung!,Initiativ
"Super Erfahrung gemacht, kann ich empfehlen und werde in Zukunft wieder auf unternehmen zukommen!",Initiativ
"Super schnell, kompetent,bin zu 100% zufrieden.",Initiativ
Super schnelle Bearbeitung meines Forderungsverkaufs,Initiativ
Super service und Beratung!,Initiativ
Super Service! Hat erstaunlich gut geklappt. Gerne beim nächsten mal wieder.,Initiativ
"Super Service, gerne wieder!",Initiativ
"Super service, sehr zügige Abwicklung - kann ich nur empfehlen!",Initiativ
Super!,Initiativ
Superschnelle und sehr unbürokratische Hilfe bei der Wachstumshilfe für unsere Firma. Sehr aufgeschlossenes und kompetentes Team und tolle Administration über ein leicht zu bedienendes und verständliches Online-Portal. So sieht die Finanzierungsberatung und -begleitung der Zukunft aus.,Initiativ
Top Service für unsere Bedürfnisse,Initiativ
"top service, immer schnell geantwortet und auch bei kniffligen fragen sehr gut beraten. gerne wieder",Initiativ
Trotz einer angespannten Lage im Unternehmen konnte uns unternehmen einen Überbrückungskredit vermitteln. Wir sagen Danke!,Gewissenhaft
"Trotz unseres starken Wachstums konnte mir der Factoringvergleich von unternehmen einen Partner geben, der mir eine größere Linie als angefragt geben konnte",Gewissenhaft
"Über unternehmen haben wir sehr schnell und unkompliziert eine Finanzierung erhalten. Die Beratung empfanden wir als sehr freundlich, kompetent und zielorientiert. Vielen Dank nochmal!",Stetig
Über unternehmen konnten wir eine neue Hausbank finden und mit dieser einen Altkredit günstig refinanzieren. Äußerst kompetente Beratung - wir bleiben auf jeden Fall in Kontakt.,Gewissenhaft
"Überschaubarer Aufwand bei Beschreibung des Finanierungsanlasses sowie Umfang der mit zu liefernden Unterlagen
Guter und angenehmer persönlicher Kontakt mit professionellem Ansprechpartner
Transparenz während der Ansprechphase bei geeignet erscheinenden FInanzierungspartnern

Mglw. weil es schon so lange zurück liegt würde ich mir wünschen zu Beginn etwas mehr zu erfahren über Was machen wir und wie machen wir es, vom Anfang bis zum Ende (ist als Anregung zum Hinterfragen gemeint)",Gewissenhaft
"unkompliziert, schnell und direkt",Dominant
"Unkompliziert, schnell, professionell, sehr gerne wieder",Dominant
Unkomplizierter und schneller Prozess. Unser unbesichertes Darlehen zur Wachstumsfinanzierung war innerhalb von einer Woche auf dem Konto. Kann ich nur weiter empfehlen!,Gewissenhaft
Uns wurde schnell und freundlich geholfen. Danke dafür!,Stetig
Unsere Anfragen wurden schnell bearbeitet. Gerne würden wir sie weiterempfehlen.,Stetig
"Unternehmerisch, schnell, unkompliziert und dabei auch noch erfolgreich!",Dominant
Vertrag unkompliziert und schnell vermittelt,Dominant
"Von Anfang an war die Kompetenz des Mitarbeiters auf dem höchsten Niveau, nochmals vielen Dank Herr Jücker. Es lief alles sehr schnell und reibungslos.",Initiativ
"Von der Anfrage bis zur Auszahlung eines Kredits hat unternehmen nur 5 Tage gebraucht, sowas habe ich in dem Tempo noch nicht erlebt - Vielen Dank.",Initiativ
Von der freundlichen & kompetenten Beratung am Telefon bis zum raschen Abschluss - alles lief wie abgesprochen und daher können wir den Service nur weiter empfehlen!,Initiativ
Von der raschen Aufnahme über eine schnelle Abwicklung - der unternehmen Prozess hat uns zügig und unkompliziert einen passenden Kredit verschafft.,Gewissenhaft
"War alles gut so, gerne wieder.",Stetig
War sehr zufrieden und werde wieder auf diesen Service zurückkommen.,Stetig
"Was für ein Service - wir hatten schon ein Angebot der Hausbank vorliegen, welches von unternehmen innerhalb kürzester Zeit unterboten wurde. Kann ich nur empfehlen! Werde bei künftigen Bedarf wieder auf unternehmen zugehen.",Initiativ
"Wir haben eine sehr positive Erfahrung gemacht, unternehmen und der Berater Herr *** haben sich sehr intensiv mit unserer Anfrage eingesetzt, sehr angenehme und effektive Kommunikation. Das Internet Portal ist sehr nützlich und transparent.",Stetig
Wir haben unternehmen als einen engagierten und kompetenten Partner für Unternehmensfinanzierung kennen gelernt. Schnell und professionell. Wir waren sehr zufrieden. Vielen Dank,Initiativ
"Wir haben mit der unternehmen sehr freundliche und kompetente Gespräche geführt. Diese Gespräche führten sehr schnell zur Erfüllung unserer Kreditwünsche. Für uns gibt es keinen Anlass etwas negatives zu unseren Anliegen zu sagen. Das Gegenteil ist der Fall, wir sind von A - Z zufrieden gestellt worden und können unternehmen in jedem Falle weiter empfehlen.",Initiativ
"Wir hatten ein Hausbank Angebot vorliegen, welches unternehmen innerhalb kürzester Zeit unterboten hatten - Respekt vor der Dynamik und Entschlossenheit.",Initiativ
"Wir hatten kurzfristige Liquiditätsprobleme und benötigten eine rasche Kreditzusage. Diese wurde uns geliefert, daher kann ich unternehmen nur weiter empfehlen",Stetig
"Wir hatten mit unternehmen einen verlässlichen Partner, der uns kompetent beraten hat und uns die richtigen Plattformen empfohlen hat.",Stetig
"Wir können unternehmen nur weiterempfehlen!
Ein fester Ansprechpartner, der kompetent und zielführend die Interessen seiner Kunden vertritt, ist für jeden Antragsteller ein Asset. Nach sehr angenehmen Gesprächen wurde schnell und unkompliziert nach unseren Vorgaben und Wünschen agiert und eine Finanzierung sichergestellt. Auch in Folgegesprächen zeigte sich die deutliche Flexibilität ggü. Banken, so dass wir mit Sicherheit gern wieder auf unternehmen zurückgreifen.",Initiativ
Wir sind eine Langzeitautovermietung und arbeiten mit Firma unternehmen seit ca. 6 Monaten zusammen. Mit der Betreuung sind wir mehr als zufrieden.,Gewissenhaft
"Wir sind mehr als zufrieden. Tolle Kommunikation, schnelle Bearbeitung der Anfrage, persönliche Betreuung und Ansprechpartner, die jederzeit erreichbar sind. Besser geht nicht. Gäbe es mehr Sterne, würden wir mehr geben. 
Danke",Initiativ
Wir sind sehr zufrieden mit dem gesamtem Ablauf bei unternehmen. Machen wir gerne wieder,Stetig
"Wir sind sehr zufrieden mit dem Prozessablauf. Die Gespräche waren sehr angenehm und Zielorientiert.
Schnelle Abwicklung und sehr kompetente Beratung, Wir werden mit unternehmen auch in Zukunft weiterarbeiten.",Gewissenhaft
Wir waren sehr zufrieden mit dem schnellen und kompetenten Service von unternehmen.,Dominant
"Wir waren sehr zufrieden mit der Beratung und überrascht, wie schnell die Finanzierung zustande kam.",Initiativ
"Wir wurden umfassend und gut beraten und betreut.
Mit dem Ergebnis und der vermittelten Finanzierung sind wir sehr zufrieden!!!",Stetig
Zeitnahe und gute Betreuung.,Dominant
"Zeitnaher und höflicher Service. Finetrading wurde gefunden, leider hat die Höhe nicht ausgereicht, deshalb 4 von 5 Sternen.
Gerne wieder!",Stetig
